a,ucsur,&#xF1900;,&#xFFD61;
akesi,ucsur,&#xF1901;,&#xFFEFE;
ala,ucsur,&#xF1902;
alasa,ucsur,&#xF1903;
ale,ucsur,&#xF1904;
anpa,ucsur,&#xF1905;
ante,ucsur,&#xF1906;,&#xFFE27;
anu,ucsur,&#xF1907;
awen,ucsur,&#xF1908;
e,ucsur,&#xF1909;
en,ucsur,&#xF190A;
esun,ucsur,&#xF190B;
ijo,ucsur,&#xF190C;
ike,ucsur,&#xF190D;
ilo,ucsur,&#xF190E;
insa,ucsur,&#xF190F;
jaki,ucsur,&#xF1910;
jan,ucsur,&#xF1911;,&#xFFE26;
jelo,ucsur,&#xF1912;
jo,ucsur,&#xF1913;
kala,ucsur,&#xF1914;,&#xFFAA0;
kalama,ucsur,&#xF1915;
kama,ucsur,&#xF1916;
kasi,ucsur,&#xF1917;
ken,ucsur,&#xF1918;
kepeken,ucsur,&#xF1919;
kili,ucsur,&#xF191A;
kiwen,ucsur,&#xF191B;
ko,ucsur,&#xF191C;,&#xFFE29;
kon,ucsur,&#xF191D;
kule,ucsur,&#xF191E;
kulupu,ucsur,&#xF191F;
kute,ucsur,&#xF1920;
la,ucsur,&#xF1921;
lape,ucsur,&#xF1922;,&#xFFE2A;
laso,ucsur,&#xF1923;
lawa,ucsur,&#xF1924;
len,ucsur,&#xF1925;
lete,ucsur,&#xF1926;
li,ucsur,&#xF1927;
lili,ucsur,&#xF1928;
linja,ucsur,&#xF1929;
lipu,ucsur,&#xF192A;
loje,ucsur,&#xF192B;
lon,ucsur,&#xF192C;
luka,ucsur,&#xF192D;
lukin,ucsur,&#xF192E;
lupa,ucsur,&#xF192F;,&#xFFE2C;
ma,ucsur,&#xF1930;
mama,ucsur,&#xF1931;
mani,ucsur,&#xF1932;
meli,ucsur,&#xF1933;,&#xFFAA1;
mi,ucsur,&#xF1934;
mije,ucsur,&#xF1935;,&#xFFAA2;
moku,ucsur,&#xF1936;
moli,ucsur,&#xF1937;,&#xFFD68;
monsi,ucsur,&#xF1938;,&#xFFE0E;
mu,ucsur,&#xF1939;,&#xFFAB8;
mun,ucsur,&#xF193A;
musi,ucsur,&#xF193B;
mute,ucsur,&#xF193C;,,&#xFFD69;
nanpa,ucsur,&#xF193D;
nasa,ucsur,&#xF193E;
nasin,ucsur,&#xF193F;
nena,ucsur,&#xF1940;,&#xFFE2D;
ni,ucsur,&#xF1941;,&#xF1989;,&#xF198A;,&#xF198B;,&#xFFD70;,&#xFFD71;,&#xFFD72;,&#xFFD73;,&#xFFE43,&#xFFE44,&#xFFE45,&#xFFE46,&#xFFE47;
nimi,ucsur,&#xF1942;
noka,ucsur,&#xF1943;
o,ucsur,&#xF1944;
olin,ucsur,&#xF1945;,&#xFFAA3;,&#xFFD75;
ona,ucsur,&#xF1946;
open,ucsur,&#xF1947;
pakala,ucsur,&#xF1948;
pali,ucsur,&#xF1949;
palisa,ucsur,&#xF194A;
pan,ucsur,&#xF194B;
pana,ucsur,&#xF194C;
pi,ucsur,&#xF194D;
pilin,ucsur,&#xF194E;
pimeja,ucsur,&#xF194F;
pini,ucsur,&#xF1950;
pipi,ucsur,&#xF1951;
poka,ucsur,&#xF1952;
poki,ucsur,&#xF1953;
pona,ucsur,&#xF1954;
pu,ucsur,&#xF1955;
sama,ucsur,&#xF1956;
seli,ucsur,&#xF1957;
selo,ucsur,&#xF1958;
seme,ucsur,&#xF1959;
sewi,ucsur,&#xF195A;,&#xF198C;
sijelo,ucsur,&#xF195B;
sike,ucsur,&#xF195C;
sin,ucsur,&#xF195D;
sina,ucsur,&#xF195E;
sinpin,ucsur,&#xF195F;,&#xFFE0F;
sitelen,ucsur,&#xF1960;
sona,ucsur,&#xF1961;
soweli,ucsur,&#xF1962;
suli,ucsur,&#xF1963;
suno,ucsur,&#xF1964;
supa,ucsur,&#xF1965;
suwi,ucsur,&#xF1966;
tan,ucsur,&#xF1967;
taso,ucsur,&#xF1968;
tawa,ucsur,&#xF1969;
telo,ucsur,&#xF196A;
tenpo,ucsur,&#xF196B;,,&#xFFBAD;
toki,ucsur,&#xF196C;
tomo,ucsur,&#xF196D;,&#xFFE32;
tu,ucsur,&#xF196E;
unpa,ucsur,&#xF196F;
uta,ucsur,&#xF1970;
utala,ucsur,&#xF1971;
walo,ucsur,&#xF1972;
wan,ucsur,&#xF1973;
waso,ucsur,&#xF1974;
wawa,ucsur,&#xF1975;
weka,ucsur,&#xF1976;
wile,ucsur,&#xF1977;
namako,ucsur,&#xF1978;,&#xFFAA8;
kin,ucsur,&#xF1979;
oko,ucsur,&#xF197A;
kipisi,ucsur,&#xF197B;
leko,ucsur,&#xF197C;
monsuta,ucsur,&#xF197D;
tonsi,ucsur,&#xF197E;,&#xFFD1B;
jasima,ucsur,&#xF197F;
kijetesantakalu,ucsur,&#xF1980;
soko,ucsur,&#xF1981;,&#xFFD65;,&#xFFD66;
meso,ucsur,&#xF1982;
epiku,ucsur,&#xF1983;,&#xFFAAB;
kokosila,ucsur,&#xF1984;
lanpan,ucsur,&#xF1985;,&#xFFAB1;
n,ucsur,&#xF1986;
misikeke,ucsur,&#xF1987;,&#xFFD6A;
ku,ucsur,&#xF1988;

pake,ucsur,&#xF19A0;
apeja,ucsur,&#xF19A1;
majuna,ucsur,&#xF19A2;,&#xFFAB2;
powe,ucsur,&#xF19A3;
linluwi,ucsur,&#xF19A4;,&#xFFAC8;,&#xFFBA5;
kiki,ucsur,&#xF19A5;,&#xFFAC3;
su,ucsur,&#xF19A6;,&#xFFE0A;,&#xFFE0D;
isipin,ucsur,&#xF19A7;
kamalawala,ucsur,&#xF19A8;
kapesi,ucsur,&#xF19A9;
melome,ucsur,&#xF19AA;
mijomi,ucsur,&#xF19AB;
misa,ucsur,&#xF19AC;
nimisin,ucsur,&#xF19AD;
nja,ucsur,&#xF19AE;
oke,ucsur,&#xF19AF;
omekapo,ucsur,&#xF19B0;
puwa,ucsur,&#xF19B1;
san,ucsur,&#xF19B2;,,&#xFFAEB;
taki,ucsur,&#xF19B3;
te,ucsur,&#xF19B4;
to,ucsur,&#xF19B5;
unu,ucsur,&#xF19B6;
usawi,ucsur,&#xF19B7;
wa,ucsur,&#xF19B8;
wuwojiti,ucsur,&#xF19B9;
yupekosi,ucsur,&#xF19BA;
ete,,&#xFFACC;
kulijo,,&#xFFAE1;
likujo,,&#xFFAE2;
po,,&#xFFAE7;
polinpin,,&#xFFAE8;
soto,,&#xFFAEC;
teje,,&#xFFAEF;
taki,,&#xFFAED;
wasoweli,,&#xFFAF7;,&#xFFE99;
sutopatikuna,,&#xFFAFB;
u,,&#xFFB30;
jami,,&#xFFB31;
wekama,,&#xFFB3E;
kisa,,&#xFFB57;
konwe,,&#xFFB58;
molusa,,&#xFFB5F;
owe,,&#xFFB65;
jume,,&#xFFB63;
pika,,&#xFFB6A;
jule,,&#xFFD81;
ojuta,,&#xFFD83;
eliki,,&#xFFDAC;
teken,,&#xFFDB9;
penpo,,&#xFFDC9;
towoki,,&#xFFE98;
r,,&#xFFEE9;
