a,ucsur,&#xF1900;
akesi,ucsur,&#xF1901;
ala,ucsur,&#xF1902;
alasa,ucsur,&#xF1903;
ale,ucsur,&#xF1904;
anpa,ucsur,&#xF1905;
ante,ucsur,&#xF1906;
anu,ucsur,&#xF1907;
awen,ucsur,&#xF1908;
e,ucsur,&#xF1909;
en,ucsur,&#xF190a;
esun,ucsur,&#xF190b;
ijo,ucsur,&#xF190c;
ike,ucsur,&#xF190d;
ilo,ucsur,&#xF190e;
insa,ucsur,&#xF190f;
jaki,ucsur,&#xF1910;
jan,ucsur,&#xF1911;
jelo,ucsur,&#xF1912;
jo,ucsur,&#xF1913;
kala,ucsur,&#xF1914;
kalama,ucsur,&#xF1915;
kama,ucsur,&#xF1916;
kasi,ucsur,&#xF1917;
ken,ucsur,&#xF1918;
kepeken,ucsur,&#xF1919;
kili,ucsur,&#xF191a;
kiwen,ucsur,&#xF191b;
ko,ucsur,&#xF191c;
kon,ucsur,&#xF191d;
kule,ucsur,&#xF191e;
kulupu,ucsur,&#xF191f;
kute,ucsur,&#xF1920;
la,ucsur,&#xF1921;
lape,ucsur,&#xF1922;
laso,ucsur,&#xF1923;
